times,gctimes,memory,allocs
46336.0,0.0,136912,35
45731.8,0.0,136912,35
89248.3,0.0,136912,35
93757.9,0.0,136912,35
91828.3,0.0,136912,35
91404.4,0.0,136912,35
91829.2,0.0,136912,35
96139.5,0.0,136912,35
98323.8,0.0,136912,35
94260.0,0.0,136912,35
100958.7,0.0,136912,35
92315.1,0.0,136912,35
89375.6,0.0,136912,35
97382.9,0.0,136912,35
89062.0,0.0,136912,35
88781.4,0.0,136912,35
89797.4,0.0,136912,35
89120.1,0.0,136912,35
91260.1,0.0,136912,35
97890.9,0.0,136912,35
88119.1,0.0,136912,35
88060.0,0.0,136912,35
87950.8,0.0,136912,35
87750.5,0.0,136912,35
92338.2,0.0,136912,35
97793.7,0.0,136912,35
90824.4,0.0,136912,35
89390.6,0.0,136912,35
89920.6,0.0,136912,35
92207.0,0.0,136912,35
90246.2,0.0,136912,35
99000.0,0.0,136912,35
91693.0,0.0,136912,35
91153.9,0.0,136912,35
90128.0,0.0,136912,35
90338.4,0.0,136912,35
88950.7,0.0,136912,35
98408.9,0.0,136912,35
88847.6,0.0,136912,35
87513.0,0.0,136912,35
90036.9,0.0,136912,35
89788.3,0.0,136912,35
89701.2,0.0,136912,35
96792.8,0.0,136912,35
89561.9,0.0,136912,35
90099.0,0.0,136912,35
88338.6,0.0,136912,35
87326.7,0.0,136912,35
89523.8,0.0,136912,35
932455.8,853323.9,136912,35
46119.6,0.0,136912,35
45082.5,0.0,136912,35
44261.0,0.0,136912,35
47575.3,0.0,136912,35
44734.8,0.0,136912,35
44514.4,0.0,136912,35
43621.7,0.0,136912,35
44285.0,0.0,136912,35
43914.3,0.0,136912,35
44709.8,0.0,136912,35
45372.1,0.0,136912,35
45326.0,0.0,136912,35
44974.4,0.0,136912,35
45213.8,0.0,136912,35
44241.0,0.0,136912,35
45385.1,0.0,136912,35
45424.2,0.0,136912,35
45227.8,0.0,136912,35
45062.5,0.0,136912,35
45797.9,0.0,136912,35
46421.1,0.0,136912,35
45462.3,0.0,136912,35
45484.3,0.0,136912,35
44787.9,0.0,136912,35
43828.1,0.0,136912,35
44403.2,0.0,136912,35
45102.6,0.0,136912,35
47705.6,0.0,136912,35
662690.9,613825.1,136912,35
44468.3,0.0,136912,35
43236.9,0.0,136912,35
44047.6,0.0,136912,35
44263.0,0.0,136912,35
44744.9,0.0,136912,35
44671.8,0.0,136912,35
44973.3,0.0,136912,35
45922.1,0.0,136912,35
45800.9,0.0,136912,35
45159.7,0.0,136912,35
45087.6,0.0,136912,35
44077.7,0.0,136912,35
43609.7,0.0,136912,35
44091.6,0.0,136912,35
43609.7,0.0,136912,35
44321.0,0.0,136912,35
45115.6,0.0,136912,35
47399.0,0.0,136912,35
48935.9,0.0,136912,35
46255.8,0.0,136912,35
46712.7,0.0,136912,35
164673.0,115810.3,136912,35
45087.6,0.0,136912,35
44369.1,0.0,136912,35
46013.3,0.0,136912,35
44317.0,0.0,136912,35
46149.6,0.0,136912,35
43877.2,0.0,136912,35
44672.7,0.0,136912,35
44535.5,0.0,136912,35
44842.0,0.0,136912,35
44013.5,0.0,136912,35
44211.9,0.0,136912,35
44077.6,0.0,136912,35
43989.4,0.0,136912,35
44603.6,0.0,136912,35
43777.1,0.0,136912,35
43602.7,0.0,136912,35
42549.7,0.0,136912,35
126623.0,81352.1,136912,35
45526.4,0.0,136912,35
45322.0,0.0,136912,35
46412.1,0.0,136912,35
46409.1,0.0,136912,35
48470.0,0.0,136912,35
48718.5,0.0,136912,35
56433.3,0.0,136912,35
45343.0,0.0,136912,35
45238.8,0.0,136912,35
44633.6,0.0,136912,35
45070.5,0.0,136912,35
44336.1,0.0,136912,35
44370.1,0.0,136912,35
126082.0,77583.9,136912,35
44439.3,0.0,136912,35
44857.1,0.0,136912,35
43642.8,0.0,136912,35
45409.2,0.0,136912,35
44090.6,0.0,136912,35
44824.1,0.0,136912,35
45300.9,0.0,136912,35
45319.0,0.0,136912,35
44786.9,0.0,136912,35
44357.2,0.0,136912,35
83956.2,37812.6,136912,35
44940.3,0.0,136912,35
43759.9,0.0,136912,35
43769.0,0.0,136912,35
44449.3,0.0,136912,35
43681.9,0.0,136912,35
44540.4,0.0,136912,35
44154.8,0.0,136912,35
45231.9,0.0,136912,35
139786.4,90756.2,136912,35
45532.4,0.0,136912,35
47859.9,0.0,136912,35
43863.2,0.0,136912,35
47135.4,0.0,136912,35
44002.4,0.0,136912,35
45317.0,0.0,136912,35
80516.6,34133.5,136912,35
43852.2,0.0,136912,35
43786.0,0.0,136912,35
43437.4,0.0,136912,35
44000.5,0.0,136912,35
44176.8,0.0,136912,35
77046.8,30781.1,136912,35
43872.2,0.0,136912,35
43588.6,0.0,136912,35
45119.6,0.0,136912,35
43757.0,0.0,136912,35
109167.6,63337.6,136912,35
44454.4,0.0,136912,35
43615.7,0.0,136912,35
43738.9,0.0,136912,35
44474.4,0.0,136912,35
73486.0,28112.0,136912,35
43782.0,0.0,136912,35
44690.8,0.0,136912,35
43591.6,0.0,136912,35
46746.7,0.0,136912,35
71494.2,26296.5,136912,35
44400.2,0.0,136912,35
43958.4,0.0,136912,35
43559.6,0.0,136912,35
45447.3,0.0,136912,35
72053.3,25831.6,136912,35
43881.2,0.0,136912,35
44131.7,0.0,136912,35
43161.8,0.0,136912,35
43688.8,0.0,136912,35
43354.2,0.0,136912,35
70419.2,25347.7,136912,35
43288.1,0.0,136912,35
43919.3,0.0,136912,35
42998.5,0.0,136912,35
43831.1,0.0,136912,35
70121.6,24408.9,136912,35
43785.1,0.0,136912,35
44095.7,0.0,136912,35
43477.4,0.0,136912,35
43117.7,0.0,136912,35
68564.6,24280.6,136912,35
43205.9,0.0,136912,35
44021.5,0.0,136912,35
43060.6,0.0,136912,35
46828.9,0.0,136912,35
68031.5,23629.4,136912,35
44214.9,0.0,136912,35
43338.1,0.0,136912,35
43373.3,0.0,136912,35
43346.2,0.0,136912,35
43415.4,0.0,136912,35
71033.4,26126.2,136912,35
43904.3,0.0,136912,35
43207.9,0.0,136912,35
43477.4,0.0,136912,35
44289.0,0.0,136912,35
70966.2,22915.0,136912,35
43951.4,0.0,136912,35
44191.8,0.0,136912,35
43521.5,0.0,136912,35
44342.1,0.0,136912,35
66202.1,22058.3,136912,35
42098.8,0.0,136912,35
44196.8,0.0,136912,35
42985.5,0.0,136912,35
45220.8,0.0,136912,35
70329.0,25148.2,136912,35
43835.1,0.0,136912,35
42922.4,0.0,136912,35
42338.2,0.0,136912,35
42085.8,0.0,136912,35
42684.0,0.0,136912,35
66229.1,21390.1,136912,35
43629.7,0.0,136912,35
43052.6,0.0,136912,35
43612.7,0.0,136912,35
42818.2,0.0,136912,35
66207.1,21628.5,136912,35
42423.4,0.0,136912,35
43721.9,0.0,136912,35
42603.8,0.0,136912,35
42936.5,0.0,136912,35
68685.9,23269.7,136912,35
44098.7,0.0,136912,35
43256.0,0.0,136912,35
43308.1,0.0,136912,35
42685.9,0.0,136912,35
73401.9,22676.6,136912,35
43138.8,0.0,136912,35
43051.7,0.0,136912,35
42360.3,0.0,136912,35
45595.5,0.0,136912,35
44023.5,0.0,136912,35
66491.6,21424.1,136912,35
43685.8,0.0,136912,35
42970.5,0.0,136912,35
43873.2,0.0,136912,35
43321.1,0.0,136912,35
67273.1,22930.0,136912,35
43043.6,0.0,136912,35
43445.4,0.0,136912,35
42864.2,0.0,136912,35
43554.6,0.0,136912,35
63444.7,20492.4,136912,35
42060.7,0.0,136912,35
42534.6,0.0,136912,35
43135.8,0.0,136912,35
44776.9,0.0,136912,35
67032.6,21731.7,136912,35
42953.4,0.0,136912,35
42724.0,0.0,136912,35
42196.0,0.0,136912,35
46523.3,0.0,136912,35
43076.7,0.0,136912,35
64907.5,20712.8,136912,35
42296.2,0.0,136912,35
43296.1,0.0,136912,35
43568.7,0.0,136912,35
43532.6,0.0,136912,35
64968.7,21287.8,136912,35
41595.9,0.0,136912,35
44799.0,0.0,136912,35
48309.7,0.0,136912,35
44172.8,0.0,136912,35
66771.1,22050.3,136912,35
44082.6,0.0,136912,35
43714.9,0.0,136912,35
43218.9,0.0,136912,35
43070.7,0.0,136912,35
65856.5,21878.0,136912,35
41748.1,0.0,136912,35
41752.1,0.0,136912,35
41431.5,0.0,136912,35
42886.3,0.0,136912,35
43516.5,0.0,136912,35
91986.5,22966.0,136912,35
70239.8,0.0,136912,35
61969.0,0.0,136912,35
43595.6,0.0,136912,35
45536.4,0.0,136912,35
74127.2,28561.8,136912,35
43516.5,0.0,136912,35
44113.7,0.0,136912,35
43091.7,0.0,136912,35
42936.4,0.0,136912,35
66629.9,22707.6,136912,35
42001.6,0.0,136912,35
41752.1,0.0,136912,35
43079.7,0.0,136912,35
45985.3,0.0,136912,35
67513.6,22286.7,136912,35
43659.8,0.0,136912,35
42817.2,0.0,136912,35
43153.8,0.0,136912,35
50022.0,0.0,136912,35
44821.0,0.0,136912,35
66867.4,22224.7,136912,35
43702.9,0.0,136912,35
42766.1,0.0,136912,35
42817.2,0.0,136912,35
41848.3,0.0,136912,35
67127.8,23437.9,136912,35
42003.6,0.0,136912,35
41680.0,0.0,136912,35
42075.7,0.0,136912,35
44154.8,0.0,136912,35
65664.1,21368.0,136912,35
43976.4,0.0,136912,35
42948.5,0.0,136912,35
43358.3,0.0,136912,35
41654.0,0.0,136912,35
67202.0,22610.4,136912,35
43149.8,0.0,136912,35
43356.2,0.0,136912,35
42632.8,0.0,136912,35
42894.3,0.0,136912,35
42551.6,0.0,136912,35
63261.4,20198.8,136912,35
42092.8,0.0,136912,35
41295.3,0.0,136912,35
41839.3,0.0,136912,35
42863.2,0.0,136912,35
65441.6,20600.6,136912,35
42908.3,0.0,136912,35
43698.9,0.0,136912,35
42548.6,0.0,136912,35
47289.8,0.0,136912,35
65663.1,21172.7,136912,35
44126.7,0.0,136912,35
43144.8,0.0,136912,35
43644.8,0.0,136912,35
43279.0,0.0,136912,35
65375.5,21244.7,136912,35
41898.4,0.0,136912,35
41467.6,0.0,136912,35
41654.9,0.0,136912,35
43237.0,0.0,136912,35
41666.0,0.0,136912,35
65964.6,21521.4,136912,35
43575.7,0.0,136912,35
42725.0,0.0,136912,35
43915.3,0.0,136912,35
42807.2,0.0,136912,35
65911.6,20663.6,136912,35
42890.3,0.0,136912,35
43498.5,0.0,136912,35
43846.2,0.0,136912,35
46667.6,0.0,136912,35
65181.1,20982.3,136912,35
43381.3,0.0,136912,35
41455.5,0.0,136912,35
41113.9,0.0,136912,35
42102.8,0.0,136912,35
64262.3,20116.6,136912,35
43337.2,0.0,136912,35
42925.4,0.0,136912,35
42779.1,0.0,136912,35
41139.9,0.0,136912,35
43529.5,0.0,136912,35
65105.0,20634.6,136912,35
43154.8,0.0,136912,35
41219.1,0.0,136912,35
42188.0,0.0,136912,35
43896.3,0.0,136912,35
65573.8,20634.6,136912,35
41832.3,0.0,136912,35
41773.2,0.0,136912,35
41343.3,0.0,136912,35
41330.3,0.0,136912,35
65808.3,21969.2,136912,35
43726.0,0.0,136912,35
44689.8,0.0,136912,35
42940.4,0.0,136912,35
46705.6,0.0,136912,35
65041.8,20764.9,136912,35
43186.9,0.0,136912,35
41273.3,0.0,136912,35
41899.4,0.0,136912,35
41165.0,0.0,136912,35
62446.8,19946.3,136912,35
43664.8,0.0,136912,35
43507.5,0.0,136912,35
41498.6,0.0,136912,35
43478.4,0.0,136912,35
41972.5,0.0,136912,35
65251.3,20900.1,136912,35
42919.4,0.0,136912,35
42838.2,0.0,136912,35
43350.2,0.0,136912,35
44883.2,0.0,136912,35
65288.3,20590.5,136912,35
43141.8,0.0,136912,35
43170.9,0.0,136912,35
41210.1,0.0,136912,35
44561.6,0.0,136912,35
62278.6,19799.0,136912,35
42220.1,0.0,136912,35
42990.5,0.0,136912,35
43275.0,0.0,136912,35
42448.5,0.0,136912,35
65754.2,20960.2,136912,35
43241.0,0.0,136912,35
43248.0,0.0,136912,35
41874.3,0.0,136912,35
43837.1,0.0,136912,35
43667.8,0.0,136912,35
65380.5,20505.4,136912,35
42482.5,0.0,136912,35
41161.0,0.0,136912,35
43738.0,0.0,136912,35
42726.0,0.0,136912,35
65196.2,22065.4,136912,35
41488.6,0.0,136912,35
41786.2,0.0,136912,35
42940.4,0.0,136912,35
43504.5,0.0,136912,35
64563.0,20525.4,136912,35
43461.4,0.0,136912,35
41753.1,0.0,136912,35
43403.3,0.0,136912,35
45337.0,0.0,136912,35
65660.0,21668.6,136912,35
43448.4,0.0,136912,35
43400.4,0.0,136912,35
42164.0,0.0,136912,35
41113.9,0.0,136912,35
42076.7,0.0,136912,35
62389.8,19724.8,136912,35
41731.1,0.0,136912,35
41218.1,0.0,136912,35
41425.5,0.0,136912,35
43094.8,0.0,136912,35
64599.0,20226.8,136912,35
41651.0,0.0,136912,35
41543.7,0.0,136912,35
42717.0,0.0,136912,35
45073.6,0.0,136912,35
65277.3,20619.6,136912,35
43459.4,0.0,136912,35
43428.3,0.0,136912,35
42794.1,0.0,136912,35
44646.7,0.0,136912,35
62171.4,19762.9,136912,35
42170.9,0.0,136912,35
41256.2,0.0,136912,35
41414.4,0.0,136912,35
42036.7,0.0,136912,35
43871.2,0.0,136912,35
64686.1,20437.2,136912,35
43593.7,0.0,136912,35
41608.9,0.0,136912,35
43896.3,0.0,136912,35
42726.0,0.0,136912,35
65191.2,20358.0,136912,35
42035.7,0.0,136912,35
41312.3,0.0,136912,35
42296.2,0.0,136912,35
43194.9,0.0,136912,35
64535.9,20370.1,136912,35
41779.2,0.0,136912,35
41740.1,0.0,136912,35
41445.6,0.0,136912,35
42079.7,0.0,136912,35
65646.0,20390.1,136912,35
43841.1,0.0,136912,35
42748.1,0.0,136912,35
43605.7,0.0,136912,35
45331.0,0.0,136912,35
43001.5,0.0,136912,35
64236.3,20402.2,136912,35
41989.5,0.0,136912,35
41439.6,0.0,136912,35
41556.8,0.0,136912,35
42912.4,0.0,136912,35
64992.7,20524.4,136912,35
43076.7,0.0,136912,35
41291.3,0.0,136912,35
41430.6,0.0,136912,35
45051.5,0.0,136912,35
64867.5,20857.0,136912,35
41585.8,0.0,136912,35
41575.8,0.0,136912,35
43304.1,0.0,136912,35
44509.4,0.0,136912,35
63033.0,19606.7,136912,35
53493.6,0.0,136912,35
70169.7,0.0,136912,35
66840.3,0.0,136912,35
52788.3,0.0,136912,35
42862.3,0.0,136912,35
70615.5,24563.2,136912,35
41910.4,0.0,136912,35
43425.3,0.0,136912,35
42778.1,0.0,136912,35
44132.7,0.0,136912,35
67994.5,22769.7,136912,35
44117.7,0.0,136912,35
43139.8,0.0,136912,35
42686.9,0.0,136912,35
43286.0,0.0,136912,35
64349.5,21147.6,136912,35
41568.8,0.0,136912,35
41370.4,0.0,136912,35
41648.9,0.0,136912,35
41415.5,0.0,136912,35
63854.5,20736.8,136912,35
43511.5,0.0,136912,35
43546.5,0.0,136912,35
43086.7,0.0,136912,35
43066.7,0.0,136912,35
43808.0,0.0,136912,35
66332.3,21262.8,136912,35
43046.6,0.0,136912,35
43314.1,0.0,136912,35
42817.2,0.0,136912,35
45395.2,0.0,136912,35
64858.5,20742.8,136912,35
42040.7,0.0,136912,35
41398.4,0.0,136912,35
41457.6,0.0,136912,35
41693.0,0.0,136912,35
62785.5,20049.5,136912,35
42739.0,0.0,136912,35
42985.5,0.0,136912,35
42989.6,0.0,136912,35
42074.8,0.0,136912,35
63043.0,20234.8,136912,35
44839.1,0.0,136912,35
43637.7,0.0,136912,35
42829.2,0.0,136912,35
44713.8,0.0,136912,35
42936.4,0.0,136912,35
66344.3,21075.4,136912,35
42692.9,0.0,136912,35
41276.2,0.0,136912,35
41788.2,0.0,136912,35
41677.0,0.0,136912,35
63076.1,20437.2,136912,35
42260.1,0.0,136912,35
43374.2,0.0,136912,35
42553.7,0.0,136912,35
43672.8,0.0,136912,35
63513.9,19680.8,136912,35
44331.1,0.0,136912,35
43346.2,0.0,136912,35
43122.7,0.0,136912,35
42648.9,0.0,136912,35
65938.6,21720.7,136912,35
43091.7,0.0,136912,35
43438.4,0.0,136912,35
42336.3,0.0,136912,35
41457.6,0.0,136912,35
41936.4,0.0,136912,35
63483.9,19791.0,136912,35
43499.5,0.0,136912,35
42809.2,0.0,136912,35
43797.0,0.0,136912,35
43431.4,0.0,136912,35
65816.4,21495.3,136912,35
42909.4,0.0,136912,35
43330.1,0.0,136912,35
41681.0,0.0,136912,35
42726.0,0.0,136912,35
62343.7,19743.9,136912,35
41980.6,0.0,136912,35
42700.0,0.0,136912,35
42884.3,0.0,136912,35
43700.9,0.0,136912,35
62617.2,19606.7,136912,35
43241.0,0.0,136912,35
42950.5,0.0,136912,35
43080.7,0.0,136912,35
41727.1,0.0,136912,35
41720.1,0.0,136912,35
67458.5,23153.4,136912,35
43585.7,0.0,136912,35
41704.0,0.0,136912,35
41644.9,0.0,136912,35
41246.1,0.0,136912,35
62650.3,19624.7,136912,35
41455.6,0.0,136912,35
43584.7,0.0,136912,35
43151.8,0.0,136912,35
44941.2,0.0,136912,35
67010.6,21638.5,136912,35
44149.7,0.0,136912,35
43504.5,0.0,136912,35
42761.1,0.0,136912,35
43848.2,0.0,136912,35
64899.5,20669.7,136912,35
43958.4,0.0,136912,35
42892.4,0.0,136912,35
43259.1,0.0,136912,35
41743.1,0.0,136912,35
41724.1,0.0,136912,35
62267.5,19611.6,136912,35
41604.8,0.0,136912,35
41193.0,0.0,136912,35
42082.8,0.0,136912,35
42289.2,0.0,136912,35
65614.9,20271.9,136912,35
42918.4,0.0,136912,35
41395.5,0.0,136912,35
41669.0,0.0,136912,35
43529.5,0.0,136912,35
65055.9,20386.2,136912,35
41392.5,0.0,136912,35
42021.7,0.0,136912,35
42834.3,0.0,136912,35
45583.5,0.0,136912,35
63218.4,19588.6,136912,35
42179.9,0.0,136912,35
41220.1,0.0,136912,35
41712.0,0.0,136912,35
42665.9,0.0,136912,35
65104.9,21168.6,136912,35
43498.5,0.0,136912,35
44020.5,0.0,136912,35
43252.1,0.0,136912,35
45979.3,0.0,136912,35
43178.9,0.0,136912,35
65525.8,20741.8,136912,35
43144.8,0.0,136912,35
41340.3,0.0,136912,35
41629.9,0.0,136912,35
44723.8,0.0,136912,35
66635.9,22322.8,136912,35
41709.1,0.0,136912,35
41806.2,0.0,136912,35
41269.2,0.0,136912,35
43424.3,0.0,136912,35
64442.7,21137.5,136912,35
43561.6,0.0,136912,35
42671.9,0.0,136912,35
42970.5,0.0,136912,35
44219.8,0.0,136912,35
64725.2,20706.7,136912,35
43165.8,0.0,136912,35
41490.6,0.0,136912,35
41583.8,0.0,136912,35
41166.0,0.0,136912,35
41910.4,0.0,136912,35
65658.0,21211.7,136912,35
43838.2,0.0,136912,35
41941.5,0.0,136912,35
41680.0,0.0,136912,35
41204.1,0.0,136912,35
64895.5,21247.8,136912,35
43464.4,0.0,136912,35
43506.5,0.0,136912,35
42747.0,0.0,136912,35
43878.2,0.0,136912,35
69177.7,20581.5,136912,35
44503.4,0.0,136912,35
43038.6,0.0,136912,35
42632.9,0.0,136912,35
43086.7,0.0,136912,35
41756.2,0.0,136912,35
71482.2,20345.0,136912,35
43036.6,0.0,136912,35
43994.4,0.0,136912,35
41760.2,0.0,136912,35
44642.7,0.0,136912,35
42891.3,0.0,136912,35
72754.6,21282.9,136912,35
41544.8,0.0,136912,35
44555.6,0.0,136912,35
42983.5,0.0,136912,35
43702.9,0.0,136912,35
70942.1,20257.9,136912,35
41974.5,0.0,136912,35
41471.6,0.0,136912,35
41843.3,0.0,136912,35
43656.8,0.0,136912,35
41232.1,0.0,136912,35
65011.8,21386.1,136912,35
43976.4,0.0,136912,35
42955.5,0.0,136912,35
42884.3,0.0,136912,35
44639.7,0.0,136912,35
41871.4,0.0,136912,35
70205.8,21589.4,136912,35
43134.8,0.0,136912,35
43869.2,0.0,136912,35
42845.2,0.0,136912,35
45788.9,0.0,136912,35
42365.3,0.0,136912,35
76110.1,0.0,136912,35
98251.5,23364.9,136912,35
43727.0,0.0,136912,35
44137.8,0.0,136912,35
42796.2,0.0,136912,35
43777.0,0.0,136912,35
42614.8,0.0,136912,35
42141.9,0.0,136912,35
89472.7,28759.2,136912,35
69364.1,0.0,136912,35
65657.0,0.0,136912,35
43232.0,0.0,136912,35
44151.8,0.0,136912,35
42786.1,0.0,136912,35
43836.2,0.0,136912,35
68438.4,24566.2,136912,35
41916.5,0.0,136912,35
41396.4,0.0,136912,35
42822.2,0.0,136912,35
43582.6,0.0,136912,35
42979.5,0.0,136912,35
43826.1,0.0,136912,35
75171.3,23538.2,136912,35
43409.3,0.0,136912,35
43121.8,0.0,136912,35
43409.3,0.0,136912,35
43504.5,0.0,136912,35
41944.5,0.0,136912,35
43823.1,0.0,136912,35
68953.3,24166.4,136912,35
42427.4,0.0,136912,35
41840.3,0.0,136912,35
41271.2,0.0,136912,35
42233.1,0.0,136912,35
43180.8,0.0,136912,35
42898.3,0.0,136912,35
68735.9,23123.4,136912,35
45490.3,0.0,136912,35
43095.7,0.0,136912,35
42846.2,0.0,136912,35
43629.7,0.0,136912,35
41979.6,0.0,136912,35
41633.0,0.0,136912,35
65524.8,22503.2,136912,35
42179.0,0.0,136912,35
43317.1,0.0,136912,35
43700.9,0.0,136912,35
45565.4,0.0,136912,35
41757.1,0.0,136912,35
41651.9,0.0,136912,35
68033.6,23171.5,136912,35
43191.9,0.0,136912,35
41776.2,0.0,136912,35
42792.1,0.0,136912,35
45027.4,0.0,136912,35
43265.0,0.0,136912,35
42422.4,0.0,136912,35
65530.8,21775.8,136912,35
41585.8,0.0,136912,35
41988.6,0.0,136912,35
42847.3,0.0,136912,35
46346.9,0.0,136912,35
43026.6,0.0,136912,35
43203.0,0.0,136912,35
67971.5,22771.7,136912,35
43681.9,0.0,136912,35
42707.0,0.0,136912,35
42822.2,0.0,136912,35
45429.2,0.0,136912,35
42781.1,0.0,136912,35
43901.3,0.0,136912,35
66858.3,22434.1,136912,35
43685.8,0.0,136912,35
42404.4,0.0,136912,35
43399.3,0.0,136912,35
43087.7,0.0,136912,35
43187.9,0.0,136912,35
42765.1,0.0,136912,35
65623.9,22307.8,136912,35
43334.1,0.0,136912,35
44133.7,0.0,136912,35
42699.0,0.0,136912,35
43111.8,0.0,136912,35
43144.9,0.0,136912,35
42226.0,0.0,136912,35
68384.2,22641.5,136912,35
43360.2,0.0,136912,35
43992.4,0.0,136912,35
42900.3,0.0,136912,35
46073.4,0.0,136912,35
42665.9,0.0,136912,35
42433.4,0.0,136912,35
43201.9,0.0,136912,35
68321.1,22778.7,136912,35
43296.1,0.0,136912,35
44559.5,0.0,136912,35
43261.0,0.0,136912,35
43062.7,0.0,136912,35
43600.7,0.0,136912,35
42621.8,0.0,136912,35
71410.0,25183.4,136912,35
43423.4,0.0,136912,35
43648.8,0.0,136912,35
41996.6,0.0,136912,35
44423.2,0.0,136912,35
43148.8,0.0,136912,35
44746.9,0.0,136912,35
75843.6,23919.9,136912,35
43733.0,0.0,136912,35
43043.7,0.0,136912,35
43906.3,0.0,136912,35
43323.2,0.0,136912,35
43674.9,0.0,136912,35
43058.6,0.0,136912,35
43536.6,0.0,136912,35
85424.0,24259.5,136912,35
43489.5,0.0,136912,35
42557.7,0.0,136912,35
41955.6,0.0,136912,35
41930.5,0.0,136912,35
41380.4,0.0,136912,35
43025.5,0.0,136912,35
43708.9,0.0,136912,35
80498.5,23994.1,136912,35
42076.7,0.0,136912,35
41433.6,0.0,136912,35
41257.2,0.0,136912,35
43674.8,0.0,136912,35
42913.3,0.0,136912,35
43984.4,0.0,136912,35
43196.9,0.0,136912,35
71581.4,25487.9,136912,35
43707.9,0.0,136912,35
43057.6,0.0,136912,35
42776.1,0.0,136912,35
43640.8,0.0,136912,35
42797.2,0.0,136912,35
43702.8,0.0,136912,35
68205.9,24378.8,136912,35
43774.0,0.0,136912,35
43009.6,0.0,136912,35
41741.1,0.0,136912,35
43291.1,0.0,136912,35
43025.5,0.0,136912,35
43348.2,0.0,136912,35
43411.3,0.0,136912,35
67404.3,23211.5,136912,35
44176.8,0.0,136912,35
43373.2,0.0,136912,35
42888.3,0.0,136912,35
41944.5,0.0,136912,35
41407.5,0.0,136912,35
41582.8,0.0,136912,35
41700.0,0.0,136912,35
67850.2,23079.3,136912,35
42378.3,0.0,136912,35
42858.2,0.0,136912,35
43470.4,0.0,136912,35
42913.4,0.0,136912,35
43205.0,0.0,136912,35
43245.1,0.0,136912,35
66404.5,23245.6,136912,35
43929.3,0.0,136912,35
44110.7,0.0,136912,35
43123.7,0.0,136912,35
44010.5,0.0,136912,35
42923.4,0.0,136912,35
42277.2,0.0,136912,35
42331.3,0.0,136912,35
65707.1,22885.9,136912,35
42058.7,0.0,136912,35
41401.5,0.0,136912,35
41761.2,0.0,136912,35
42946.4,0.0,136912,35
43400.3,0.0,136912,35
43049.6,0.0,136912,35
42740.0,0.0,136912,35
70134.6,24210.5,136912,35
43387.3,0.0,136912,35
42809.2,0.0,136912,35
41964.6,0.0,136912,35
42815.2,0.0,136912,35
42910.4,0.0,136912,35
44131.7,0.0,136912,35
68645.8,23813.7,136912,35
43709.9,0.0,136912,35
42929.4,0.0,136912,35
43261.0,0.0,136912,35
44533.5,0.0,136912,35
42339.3,0.0,136912,35
43674.8,0.0,136912,35
43219.9,0.0,136912,35
68676.8,23533.2,136912,35
42555.7,0.0,136912,35
44059.5,0.0,136912,35
43293.1,0.0,136912,35
44721.8,0.0,136912,35
42700.0,0.0,136912,35
42017.7,0.0,136912,35
43671.8,0.0,136912,35
68891.3,24211.5,136912,35
42814.2,0.0,136912,35
41868.3,0.0,136912,35
41453.6,0.0,136912,35
41622.9,0.0,136912,35
41962.5,0.0,136912,35
43073.7,0.0,136912,35
43339.2,0.0,136912,35
70333.0,23563.2,136912,35
44203.8,0.0,136912,35
43207.9,0.0,136912,35
43714.9,0.0,136912,35
42643.8,0.0,136912,35
41861.3,0.0,136912,35
43614.7,0.0,136912,35
43476.4,0.0,136912,35
78948.6,24549.1,136912,35
43924.3,0.0,136912,35
42806.2,0.0,136912,35
41774.2,0.0,136912,35
41344.3,0.0,136912,35
59347.9,0.0,136912,35
68119.8,0.0,136912,35
67642.8,0.0,136912,35
90883.5,31960.4,136912,35
43129.8,0.0,136912,35
42106.8,0.0,136912,35
41543.7,0.0,136912,35
42648.8,0.0,136912,35
41621.9,0.0,136912,35
41918.5,0.0,136912,35
42495.6,0.0,136912,35
50620.1,0.0,136912,35
117775.1,28853.4,136912,35
44025.5,0.0,136912,35
43613.7,0.0,136912,35
42986.5,0.0,136912,35
42564.7,0.0,136912,35
44004.5,0.0,136912,35
43152.8,0.0,136912,35
43857.1,0.0,136912,35
43255.0,0.0,136912,35
43513.5,0.0,136912,35
82407.2,26433.7,136912,35
42153.9,0.0,136912,35
41475.6,0.0,136912,35
42248.1,0.0,136912,35
44665.8,0.0,136912,35
43618.8,0.0,136912,35
44916.3,0.0,136912,35
42965.5,0.0,136912,35
44055.5,0.0,136912,35
70891.1,25983.8,136912,35
44004.5,0.0,136912,35
43059.6,0.0,136912,35
44621.6,0.0,136912,35
43177.9,0.0,136912,35
43772.1,0.0,136912,35
43219.0,0.0,136912,35
42090.8,0.0,136912,35
41995.7,0.0,136912,35
69434.3,25966.8,136912,35
41884.4,0.0,136912,35
41953.6,0.0,136912,35
42897.4,0.0,136912,35
42814.2,0.0,136912,35
43335.1,0.0,136912,35
43113.8,0.0,136912,35
42351.3,0.0,136912,35
43807.1,0.0,136912,35
71250.8,25905.7,136912,35
43578.7,0.0,136912,35
42031.7,0.0,136912,35
43233.0,0.0,136912,35
46431.1,0.0,136912,35
42866.3,0.0,136912,35
42675.9,0.0,136912,35
41527.7,0.0,136912,35
41510.7,0.0,136912,35
68728.9,24832.7,136912,35
41877.4,0.0,136912,35
43484.4,0.0,136912,35
42896.3,0.0,136912,35
43845.2,0.0,136912,35
43007.5,0.0,136912,35
42114.8,0.0,136912,35
43977.4,0.0,136912,35
43240.9,0.0,136912,35
70839.0,25321.6,136912,35
42599.8,0.0,136912,35
42923.4,0.0,136912,35
43071.6,0.0,136912,35
